first_name,last_name,firm_name,address,city,county,state,zip,phone1,phone2,email,web
Tamar,Hoogland,A K Construction Co,2737 Pistorio Rd #9230,London,Madison,OH,43140,740-343-8575,740-526-5410,tamar@hotmail.com,http://www.akconstructionco.com
Joesph,Degonia,A R Packaging,2887 Knowlton St #5435,Berkeley,Alameda,CA,94710,510-677-9785,510-942-5916,joesph_degonia@degonia.org,http://www.arpackaging.com
Diane,Devreese,Acme Supply Co,1953 Telegraph Rd,Saint Joseph,Buchanan,MO,64504,816-557-9673,816-329-5565,diane@cox.net,http://www.acmesupplyco.com
Lashandra,Klang,Acqua Group,810 N La Brea Ave,King of Prussia,Montgomery,PA,19406,610-809-1818,610-378-7332,lashandra@yahoo.com,http://www.acquagroup.com
Bulah,Padilla,Admiral Party Rentals & Sales,8927 Vandever Ave,Waco,McLennan,TX,76707,254-463-4368,254-816-8417,bulah_padilla@hotmail.com,http://www.admiralpartyrentalssales.com
Weldon,Acuff,Advantage Legal Solutions,73 W Barstow Ave,Arlington Heights,Cook,IL,60004,847-353-2156,847-613-5866,wacuff@gmail.com,http://www.advantagemartgagecompany.com
Chauncey,Motley,Affiliated With Travelodge,63 E Aurora Dr,Orlando,Orange,FL,32804,407-413-4842,407-557-8857,chauncey_motley@aol.com,http://www.affiliatedwithtravelodge.com
Sarah,Candlish,Alabama Educational Tv Comm,45 2nd Ave #9759,Atlanta,Fulton,GA,30328,770-732-1194,770-531-2842,sarah.candlish@gmail.com,http://www.alabamaeducationaltvcomm.com
Nu,Mcnease,Amazonia Film Project,88 Sw 28th Ter,Harrison,Hudson,NJ,7029,973-751-9003,973-903-4175,nu@gmail.com,http://www.amazoniafilmproject.com
Lemuel,Latzke,Computer Repair Service,70 Euclid Ave #722,Bohemia,Suffolk,NY,11716,631-748-6479,631-291-4976,lemuel.latzke@gmail.com,http://www.computerrepairservice.com
Matthew,Neither,Neither Law Office,636 Commerce Dr #42,Shakopee,Scott,MN,55379,952-651-7597,952-906-4597,mneither@yahoo.com,http://www.americancouncilonscihlth.com
Felix,Hirpara,American Speedy Printing Ctrs,7563 Cornwall Rd #4462,Denver,Lancaster,PA,17517,717-491-5643,717-583-1497,felix_hirpara@cox.net,http://www.americanspeedyprintingctrs.com
Refugia,Jacobos,North Central Fl Sfty Cncl,2184 Worth St,Hayward,Alameda,CA,94545,510-974-8671,510-509-3496,refugia.jacobos@jacobos.com,http://www.northcentralflsftycncl.com
Nelida,Sawchuk,Anchorage Museum Of Hist & Art,3 State Route 35 S,Paramus,Bergen,NJ,7652,201-971-1638,201-247-8925,nelida@gmail.com,http://www.anchoragemuseumofhistart.com
Bok,Isaacs,Nelson Hawaiian Law Office,6 Gilson St,Bronx,Bronx,NY,10468,718-809-3762,718-478-8568,bok.isaacs@aol.com,http://www.nelsonhawaiianltd.com
Louisa,Cronauer,Pacific Grove Museum Ntrl Hist,524 Louisiana Ave Nw,San Leandro,Alameda,CA,94577,510-828-7047,510-472-7758,louisa@cronauer.com,http://www.pacificgrovemuseumntrlhist.com
Myra,Munns,Anker Law Office,461 Prospect Pl #316,Euless,Tarrant,TX,76040,817-914-7518,817-451-3518,mmunns@cox.net,http://www.ankerlawoffice.com
Selma,Husser,Armon Communications,9 State Highway 57 #22,Jersey City,Hudson,NJ,7306,201-991-8369,201-772-7699,selma.husser@cox.net,http://www.armoncommunications.com
Ashlyn,Pinilla,Art Crafters,703 Beville Rd,Opa Locka,Miami-Dade,FL,33054,305-670-9628,305-857-5489,apinilla@cox.net,http://www.artcrafters.com
Carma,Vanheusen,Springfield Div Oh Edison Co,68556 Central Hwy,San Leandro,Alameda,CA,94577,510-503-7169,510-452-4835,carma@cox.net,http://www.springfielddivohedisonco.com
Rory,Papasergi,Bailey Cntl Co Div Babcock,83 County Road 437 #8581,Clarks Summit,Lackawanna,PA,18411,570-867-7489,570-469-8401,rpapasergi@cox.net,http://www.baileycntlcodivbabcock.com
Izetta,Funnell,Baird Kurtz & Dobson,82 Winsor St #54,Atlanta,Dekalb,GA,30340,770-844-3447,770-584-4119,izetta.funnell@hotmail.com,http://www.bairdkurtzdobson.com
Lorrie,Nestle,Ballard Spahr Andrews,39 S 7th St,Tullahoma,Coffee,TN,37388,931-875-6644,931-303-6041,lnestle@hotmail.com,http://www.ballardspahrandrews.com
Kenneth,Grenet,Bank Of New York,2167 Sierra Rd,East Lansing,Ingham,MI,48823,517-499-2322,517-867-8077,kenneth.grenet@grenet.org,http://www.bankofnewyork.com
Arlene,Klusman,Beck Horizon Builders,3 Secor Rd,New Orleans,Orleans,LA,70112,504-710-5840,504-946-1807,arlene_klusman@gmail.com,http://www.beckhorizonbuilders.com
Angella,Cetta,Bender & Hatley Pc,185 Blackstone Bldge,Honolulu,Honolulu,HI,96817,808-892-7943,808-475-2310,angella.cetta@hotmail.com,http://www.benderhatleypc.com
Mitsue,Scipione,Students In Free Entrprs Natl,77 222 Dr,Oroville,Butte,CA,95965,530-986-9272,530-399-3254,mscipione@scipione.com,http://www.studentsinfreeentrprsnatl.com
Virgina,Tegarden,Berhanu International Foods,755 Harbor Way,Milwaukee,Milwaukee,WI,53226,414-214-8697,414-411-5744,virgina_tegarden@tegarden.com,http://www.berhanuinternationalfoods.com
Micaela,Rhymes,H Lee Leonard Attorney At Law,20932 Hedley St,Concord,Contra Costa,CA,94520,925-647-3298,925-522-7798,micaela_rhymes@gmail.com,http://www.hleeleonardattorneyatlaw.com
Georgene,Montezuma,Payne Blades & Wellborn Pa,98 University Dr,San Ramon,Contra Costa,CA,94583,925-615-5185,925-943-3449,gmontezuma@cox.net,http://www.paynebladeswellbornpa.com
Sherita,Saras,Black History Resource Center,8 Us Highway 22,Colorado Springs,El Paso,CO,80937,719-669-1664,719-547-9543,sherita.saras@cox.net,http://www.blackhistoryresourcecenter.com
Blair,Malet,Bollinger Mach Shp & Shipyard,209 Decker Dr,Philadelphia,Philadelphia,PA,19132,215-907-9111,215-794-4519,bmalet@yahoo.com,http://www.bollingermachshpshipyard.com
Jade,Farrar,Bonnet & Daughter,6882 Torresdale Ave,Columbia,Richland,SC,29201,803-352-5387,803-975-3405,jade.farrar@yahoo.com,http://www.bonnetdaughter.com
Amber,Monarrez,Branford Wire & Mfg Co,14288 Foster Ave #4121,Jenkintown,Montgomery,PA,19046,215-934-8655,215-329-6386,amber_monarrez@monarrez.org,http://www.branfordwiremfgco.com
Ty,Smith,Bresler Eitel Framg Gllry Ltd,4646 Kaahumanu St,Hackensack,Bergen,NJ,7601,201-672-1553,201-995-3149,tsmith@aol.com,http://www.breslereitelframggllryltd.com
Graciela,Ruta,Buckley Miller & Wright,98 Connecticut Ave Nw,Chagrin Falls,Geauga,OH,44023,440-780-8425,440-579-7763,gruta@cox.net,http://www.buckleymillerwright.com
Stephaine,Barfield,Beutelschies & Company,47154 Whipple Ave Nw,Gardena,Los Angeles,CA,90247,310-774-7643,310-968-1219,stephaine@barfield.com,http://www.beutelschiescompany.com
Shalon,Shadrick,Germer And Gertz Llp,61047 Mayfield Ave,Brooklyn,Kings,NY,11223,718-232-2337,718-394-4974,shalon@cox.net,http://www.germerandgertzllp.com
Golda,Kaniecki,Calaveras Prospect,6201 S Nevada Ave,Toms River,Ocean,NJ,8755,732-628-9909,732-617-5310,golda_kaniecki@yahoo.com,http://www.calaverasprospect.com
Heike,Berganza,Cali Sportswear Cutting Dept,3 Railway Ave #75,Little Falls,Passaic,NJ,7424,973-936-5095,973-822-8827,heike@gmail.com,http://www.calisportswearcuttingdept.com
Van,Shire,Cambridge Inn,90131 J St,Pittstown,Hunterdon,NJ,8867,908-409-2890,908-448-1209,van.shire@shire.com,http://www.cambridgeinn.com
Kasandra,Semidey,Can Tron,369 Latham St #500,Saint Louis,Saint Louis City,MO,63102,314-732-9131,314-697-3652,kasandra_semidey@semidey.com,http://www.cantron.com
Mitzie,Hudnall,Cangro Transmission Co,17 Jersey Ave,Englewood,Arapahoe,CO,80110,303-402-1940,303-997-7760,mitzie_hudnall@yahoo.com,http://www.cangrotransmissionco.com
Katina,Polidori,Cape & Associates Real Estate,5 Little River Tpke,Wilmington,Middlesex,MA,1887,978-626-2978,978-679-7429,katina_polidori@aol.com,http://www.capeassociatesrealestate.com
Viola,Bitsuie,Burton & Davis,70 Mechanic St,Northridge,Los Angeles,CA,91325,818-864-4875,818-481-5787,viola@gmail.com,http://www.burtondavis.com
Cory,Gibes,Chinese Translation Resources,83649 W Belmont Ave,San Gabriel,Los Angeles,CA,91776,626-572-1096,626-696-2777,cory.gibes@gmail.com,http://www.chinesetranslationresources.com
Shenika,Seewald,East Coast Marketing,4 Otis St,Van Nuys,Los Angeles,CA,91405,818-423-4007,818-749-8650,shenika@gmail.com,http://www.eastcoastmarketing.com
Barrett,Toyama,Case Foundation Co,4252 N Washington Ave #9,Kennedale,Tarrant,TX,76060,817-765-5781,817-577-6151,barrett.toyama@toyama.org,http://www.casefoundationco.com
Keneth,Borgman,Centerline Engineering,86350 Roszel Rd,Phoenix,Maricopa,AZ,85012,602-919-4211,602-442-3092,keneth@yahoo.com,http://www.centerlineengineering.com
Deandrea,Hughey,Century 21 Krall Real Estate,33 Lewis Rd #46,Burlington,Alamance,NC,27215,336-822-7652,336-467-3095,deandrea@yahoo.com,http://www.centurykrallrealestate.com
Mattie,Poquette,Century Communications,73 State Road 434 E,Phoenix,Maricopa,AZ,85013,602-277-4385,602-953-6360,mattie@aol.com,http://www.centurycommunications.com
France,Buzick,Buzick Law,64 Newman Springs Rd E,Brooklyn,Kings,NY,11219,718-478-8504,718-853-3740,france.buzick@yahoo.com,http://www.intravelagency.com
Hermila,Thyberg,Chilton Malting Co,1 Rancho Del Mar Shopping C,Providence,Providence,RI,2903,401-893-4882,401-885-7681,hermila_thyberg@hotmail.com,http://www.chiltonmaltingco.com
Kiley,Caldarera,Feiner Bros,25 E 75th St #69,Los Angeles,Los Angeles,CA,90034,310-498-5651,310-254-3084,kiley.caldarera@aol.com,http://www.feinerbros.com
Erick,Ferencz,Cindy Turner Associates,20 S Babcock St,Fairbanks,Fairbanks North Star,AK,99712,907-741-1044,907-227-6777,erick.ferencz@aol.com,http://www.cindyturnerassociates.com
Cassi,Wildfong,James Cobb Law Office,26849 Jefferson Hwy,Rolling Meadows,Cook,IL,60008,847-633-3216,847-755-9041,cassi.wildfong@aol.com,http://www.cobbjamesoesq.com
Jettie,Mconnell,Coldwell Bnkr Wright Real Est,50 E Wacker Dr,Bridgewater,Somerset,NJ,8807,908-802-3564,908-602-5258,jmconnell@hotmail.com,http://www.coldwellbnkrwrightrealest.com
Glory,Kulzer,Comfort Inn,55892 Jacksonville Rd,Owings Mills,Baltimore,MD,21117,410-224-9462,410-916-8015,gkulzer@kulzer.org,http://www.comfortinn.com
Louvenia,Beech,John Ortiz Nts Therapy Center,598 43rd St,Beverly Hills,Los Angeles,CA,90210,310-820-2117,310-652-2379,louvenia.beech@beech.com,http://www.johnortizntstherapycenter.com
Annabelle,Boord,Corn Popper,523 Marquette Ave,Concord,Middlesex,MA,1742,978-697-6263,978-289-7717,annabelle.boord@cox.net,http://www.cornpopper.com
Adelina,Nabours,Courtyard By Marriott,80 Pittsford Victor Rd #9,Cleveland,Cuyahoga,OH,44103,216-230-4892,216-937-5320,adelina_nabours@gmail.com,http://www.courtyardbymarriott.com
Rima,Bevelacqua,Mcauley Mfg Co,2972 Lafayette Ave,Gardena,Los Angeles,CA,90248,310-858-5079,310-499-4200,rima@cox.net,http://www.mcauleymfgco.com
Reita,Leto,Creative Business Systems,55262 N French Rd,Indianapolis,Marion,IN,46240,317-234-1135,317-787-5514,reita.leto@gmail.com,http://www.creativebusinesssystems.com
Tiera,Frankel,Roland Ashcroft,87 Sierra Rd,El Monte,Los Angeles,CA,91731,626-636-4117,626-638-4241,tfrankel@aol.com,http://www.rolandashcroft.com
Galen,Cantres,Del Charro Apartments,617 Nw 36th Ave,Brook Park,Cuyahoga,OH,44142,216-600-6111,216-871-6876,galen@yahoo.com,http://www.delcharroapartments.com
Kayleigh,Lace,Dentalaw Divsn Hlth Care,43 Huey P Long Ave,Lafayette,Lafayette,LA,70508,337-740-9323,337-751-2326,kayleigh.lace@yahoo.com,http://www.dentalawdivsnhlthcare.com
Chantell,Maynerich,St. Paul Legal Partners,2023 Greg St,Saint Paul,Ramsey,MN,55101,651-591-2583,651-776-9688,chantell@yahoo.com,http://www.desertsandsmotel.com
Ma,Layous,Development Authority,78112 Morris Ave,North Haven,New Haven,CT,6473,203-721-3388,203-564-1543,mlayous@hotmail.com,http://www.developmentauthority.com
Avery,Steier,Dill Dill Carr & Stonbraker Pc,93 Redmond Rd #492,Orlando,Orange,FL,32803,407-808-9439,407-945-8566,avery@cox.net,http://www.dilldillcarrstonbrakerpc.com
Mollie,Mcdoniel,Dock Seal Specialty,8590 Lake Lizzie Dr,Bowling Green,Wood,OH,43402,419-975-3182,419-417-4674,mollie_mcdoniel@yahoo.com,http://www.docksealspecialty.com
Chaya,Malvin,Dunnells & Duvall,560 Civic Center Dr,Ann Arbor,Washtenaw,MI,48103,734-928-5182,734-408-8174,chaya@malvin.com,http://www.dunnellsduvall.com
Lashaunda,Lizama,Earnhardt Printing,3387 Ryan Dr,Hanover,Anne Arundel,MD,21076,410-678-2473,410-912-6032,llizama@cox.net,http://www.earnhardtprinting.com
Kati,Rulapaugh,Eder Assocs Consltng Engrs Pc,6980 Dorsett Rd,Abilene,Dickinson,KS,67410,785-463-7829,785-219-7724,kati.rulapaugh@hotmail.com,http://www.ederassocsconsltngengrspc.com
Marvel,Raymo,Edison Supply & Equipment Co,9 Vanowen St,College Station,Brazos,TX,77840,979-718-8968,979-809-5770,mraymo@yahoo.com,http://www.edisonsupplyequipmentco.com
Lizette,Stem,Edward S Katz,501 N 19th Ave,Cherry Hill,Camden,NJ,8002,856-487-5412,856-702-3676,lizette.stem@aol.com,http://www.edwardskatz.com
Gilma,Liukko,Sammys Steak Den,16452 Greenwich St,Garden City,Nassau,NY,11530,516-393-9967,516-407-9573,gilma_liukko@gmail.com,http://www.sammyssteakden.com
Dick,Wenzinger,Wheaton Plastic Products,22 Spruce St #595,Gardena,Los Angeles,CA,90248,310-510-9713,310-936-2258,dick@yahoo.com,http://www.wheatonplasticproducts.com
Yuki,Whobrey,Farmers Insurance Group,1 State Route 27,Taylor,Wayne,MI,48180,313-288-7937,313-341-4470,yuki_whobrey@aol.com,http://www.farmersinsurancegroup.com
Levi,Munis,Farrell & Johnson Office Equip,2094 Ne 36th Ave,Worcester,Worcester,MA,1603,508-456-4907,508-658-7802,levi.munis@gmail.com,http://www.farrelljohnsonofficeequip.com
Valentine,Gillian,Fbs Business Finance,775 W 17th St,San Antonio,Bexar,TX,78204,210-812-9597,210-300-6244,valentine_gillian@gmail.com,http://www.fbsbusinessfinance.com
Lai,Harabedian,Buergi & Madden Scale,1933 Packer Ave #2,Novato,Marin,CA,94945,415-423-3294,415-926-6089,lai@gmail.com,http://www.buergimaddenscale.com
Lenna,Paprocki,Feltz Printing Service,639 Main St,Anchorage,Anchorage,AK,99501,907-385-4412,907-921-2010,lpaprocki@hotmail.com,http://www.feltzprintingservice.com
Joseph,Cryer,Ames Stationers,60 Fillmore Ave,Huntington Beach,Orange,CA,92647,714-584-2237,714-698-2170,joseph_cryer@cox.net,http://www.amesstationers.com
Ligia,Reiber,Floral Expressions,206 Main St #2804,Lansing,Ingham,MI,48933,517-906-1108,517-747-7664,lreiber@cox.net,http://www.floralexpressions.com
Luisa,Jurney,Forest Fire Laboratory,25 Se 176th Pl,Cambridge,Middlesex,MA,2138,617-365-2134,617-544-2541,ljurney@hotmail.com,http://www.forestfirelaboratory.com
Johnetta,Abdallah,Forging Specialties,1088 Pinehurst St,Chapel Hill,Orange,NC,27514,919-225-9345,919-715-3791,johnetta_abdallah@aol.com,http://www.forgingspecialties.com
Dean,Ketelsen,J M Custom Design Millwork,2 Flynn Rd,Hicksville,Nassau,NY,11801,516-847-4418,516-732-6649,dean_ketelsen@gmail.com,http://www.jmcustomdesignmillwork.com
Whitley,Tomasulo,Freehold Fence Co,2 S 15th St,Fort Worth,Tarrant,TX,76107,817-526-4408,817-819-7799,whitley.tomasulo@aol.com,http://www.freeholdfenceco.com
Devorah,Chickering,Garrison Ind,31 Douglas Blvd #950,Clovis,Curry,NM,88101,505-975-8559,505-950-1763,devorah@hotmail.com,http://www.garrisonind.com
Carmelina,Lindall,George Jessop Carter Jewelers,2664 Lewis Rd,Littleton,Douglas,CO,80126,303-724-7371,303-874-5160,carmelina_lindall@lindall.com,http://www.georgejessopcarterjewelers.com
Leslie,Threets,C W D C Metal Fabricators,2 A Kelley Dr,Katonah,Westchester,NY,10536,914-861-9748,914-396-2615,leslie@cox.net,http://www.cwdcmetalfabricators.com
Daniel,Perruzza,Gersh & Danielson,11360 S Halsted St,Santa Ana,Orange,CA,92705,714-771-3880,714-531-1391,dperruzza@perruzza.com,http://www.gershdanielson.com
Winfred,Brucato,Glenridge Manor Mobile Home Pk,201 Ridgewood Rd,Moscow,Latah,ID,83843,208-252-4552,208-793-4108,winfred_brucato@hotmail.com,http://www.glenridgemanormobilehomepk.com
Rosio,Cork,Green Goddess,4 10th St W,High Point,Guilford,NC,27263,336-243-5659,336-497-4407,rosio.cork@gmail.com,http://www.greengoddess.com
Kattie,Vonasek,H A C Farm Lines Co Optv Assoc,2845 Boulder Crescent St,Cleveland,Cuyahoga,OH,44103,216-923-3715,216-270-9653,kattie@vonasek.org,http://www.hacfarmlinescooptvassoc.com
Thaddeus,Ankeny,Atc Contracting,5 Washington St #1,Roseville,Placer,CA,95678,916-920-3571,916-459-2433,tankeny@ankeny.org,http://www.atccontracting.com
Lashon,Vizarro,Sentry Signs,433 Westminster Blvd #590,Roseville,Placer,CA,95661,916-741-7884,916-289-4526,lashon@aol.com,http://www.sentrysigns.com
Salena,Karpel,Hammill Mfg Co,1 Garfield Ave #7,Canton,Stark,OH,44707,330-791-8557,330-618-2579,skarpel@cox.net,http://www.hammillmfgco.com
Olive,Matuszak,Colony Paints Sales Ofc & Plnt,13252 Lighthouse Ave,Cathedral City,Riverside,CA,92234,760-938-6069,760-745-2649,olive@aol.com,http://www.colonypaintssalesofcplnt.com
Penney,Weight,Hawaiian King Hotel,18 Fountain St,Anchorage,Anchorage,AK,99515,907-797-9628,907-873-2882,penney_weight@aol.com,http://www.hawaiiankinghotel.com
Celeste,Korando,American Arts & Graphics,7 W Pinhook Rd,Lynbrook,Nassau,NY,11563,516-509-2347,516-365-7266,ckorando@hotmail.com,http://www.americanartsgraphics.com
Lonny,Weglarz,History Division Of State,51120 State Route 18,Salt Lake City,Salt Lake,UT,84115,801-293-9853,801-892-8781,lonny_weglarz@gmail.com,http://www.historydivisionofstate.com
Sharee,Maile,Holiday Inn Naperville,2094 Montour Blvd,Muskegon,Muskegon,MI,49442,231-467-9978,231-265-6940,sharee_maile@aol.com,http://www.holidayinnnaperville.com
Thurman,Manno,Honey Bee Breeding Genetics &,9387 Charcot Ave,Absecon,Atlantic,NJ,8201,609-524-3586,609-234-8376,thurman.manno@yahoo.com,http://www.honeybeebreedinggenetics.com
Theola,Frey,Woodbridge Free Public Library,54169 N Main St,Massapequa,Nassau,NY,11758,516-948-5768,516-357-3362,theola_frey@frey.com,http://www.woodbridgefreepubliclibrary.com
Brittni,Gillaspie,Inner Label,67 Rv Cent,Boise,Ada,ID,83709,208-709-1235,208-206-9848,bgillaspie@gillaspie.com,http://www.innerlabel.com
Leonora,Mauson,Insty Prints,3381 E 40th Ave,Passaic,Passaic,NJ,7055,973-412-2995,973-355-2120,leonora@yahoo.com,http://www.instyprints.com
Gary,Nunlee,Irving Foot Center,2 W Mount Royal Ave,Fortville,Hancock,IN,46040,317-542-6023,317-887-8486,gary_nunlee@nunlee.org,http://www.irvingfootcenter.com
Jerry,Zurcher,J & F Lumber,77 Massillon Rd #822,Satellite Beach,Brevard,FL,32937,321-518-5938,321-597-2159,jzurcher@zurcher.org,http://www.jflumber.com
Abel,Maclead,Rangoni Of Florence,37275 St  Rt 17m M,Middle Island,Suffolk,NY,11953,631-335-3414,631-677-3675,amaclead@gmail.com,http://www.rangoniofflorence.com
Ettie,Hoopengardner,Jackson Millwork Co,39 Franklin Ave,Richland,Benton,WA,99352,509-755-5393,509-847-3352,ettie.hoopengardner@hotmail.com,http://www.jacksonmillworkco.com
Brandon,Callaro,Jackson Shields Yeiser,7 Benton Dr,Honolulu,Honolulu,HI,96819,808-215-6832,808-240-5168,brandon_callaro@hotmail.com,http://www.jacksonshieldsyeiser.com
Kristeen,Turinetti,Jeanerette Middle School,70099 E North Ave,Arlington,Tarrant,TX,76013,817-213-8851,817-947-9480,kristeen@gmail.com,http://www.jeanerettemiddleschool.com
Frederica,Blunk,Jets Cybernetics,99586 Main St,Dallas,Dallas,TX,75207,214-428-2285,214-529-1949,frederica_blunk@gmail.com,http://www.jetscybernetics.com
Jacqueline,Rowling,John Hancock Mutl Life Ins Co,1 N San Saba,Erie,Erie,PA,16501,814-865-8113,814-481-1700,jacqueline.rowling@yahoo.com,http://www.johnhancockmutllifeinsco.com
Sheridan,Zane,Kentucky Tennessee Clay Co,2409 Alabama Rd,Riverside,Riverside,CA,92501,951-645-3605,951-248-6822,sheridan.zane@zane.com,http://www.kentuckytennesseeclayco.com
Harrison,Haufler,John Wagner Associates,759 Eldora St,New Haven,New Haven,CT,6515,203-801-6193,203-801-8497,hhaufler@hotmail.com,http://www.johnwagnerassociates.com
Kerry,Theodorov,Capitol Reporters,6916 W Main St,Sacramento,Sacramento,CA,95827,916-591-3277,916-770-7448,kerry.theodorov@gmail.com,http://www.capitolreporters.com
Jaclyn,Bachman,Judah Caster & Wheel Co,721 Interstate 45 S,Colorado Springs,El Paso,CO,80919,719-853-3600,719-223-2074,jaclyn@aol.com,http://www.judahcasterwheelco.com
Gracia,Melnyk,Juvenile & Adult Super,97 Airport Loop Dr,Jacksonville,Duval,FL,32216,904-235-3633,904-627-4341,gracia@melnyk.com,http://www.juvenileadultsuper.com
Pamella,Schmierer,K Cs Cstm Mouldings Windows,5161 Dorsett Rd,Homestead,Miami-Dade,FL,33030,305-420-8970,305-575-8481,pamella.schmierer@schmierer.org,http://www.kcscstmmouldingswindows.com
Tracey,Modzelewski,Kansas City Insurance Report,77132 Coon Rapids Blvd Nw,Conroe,Montgomery,TX,77301,936-264-9294,936-988-8171,tracey@hotmail.com,http://www.kansascityinsurancereport.com
Lindsey,Dilello,Biltmore Investors Bank,52777 Leaders Heights Rd,Ontario,San Bernardino,CA,91761,909-639-9887,909-589-1693,lindsey.dilello@hotmail.com,http://www.biltmoreinvestorsbank.com
Elly,Morocco,Killion Industries,7 W 32nd St,Erie,Erie,PA,16502,814-393-5571,814-420-3553,elly_morocco@gmail.com,http://www.killionindustries.com
Dorothy,Chesterfield,Cowan & Kelly,469 Outwater Ln,San Diego,San Diego,CA,92126,858-617-7834,858-732-1884,dorothy@cox.net,http://www.cowankelly.com
Emerson,Bowley,Knights Inn,762 S Main St,Madison,Dane,WI,53711,608-336-7444,608-658-7940,emerson.bowley@bowley.org,http://www.knightsinn.com
Ernie,Stenseth,Knwz Newsradio,45 E Liberty St,Ridgefield Park,Bergen,NJ,7660,201-709-6245,201-387-9093,ernie_stenseth@aol.com,http://www.knwznewsradio.com
Dorthy,Hidvegi,Kwik Kopy Printing,9635 S Main St,Boise,Ada,ID,83704,208-649-2373,208-690-3315,dhidvegi@yahoo.com,http://www.kwikkopyprinting.com
Alesia,Hixenbaugh,Kwikprint,9 Front St,Washington,District of Columbia,DC,20001,202-646-7516,202-276-6826,alesia_hixenbaugh@hixenbaugh.org,http://www.kwikprint.com
Reena,Maisto,Lane Promotions,9648 S Main,Salisbury,Wicomico,MD,21801,410-351-1863,410-951-2667,reena@hotmail.com,http://www.lanepromotions.com
Buddy,Cloney,Larkfield Photo,944 Gaither Dr,Strongsville,Cuyahoga,OH,44136,440-989-5826,440-327-2093,buddy.cloney@yahoo.com,http://www.larkfieldphoto.com
Dulce,Labreche,Lee Kilkelly Paulson & Kabaker,9581 E Arapahoe Rd,Rochester,Oakland,MI,48307,248-357-8718,248-811-5696,dulce_labreche@yahoo.com,http://www.leekilkellypaulsonkabaker.com
Larae,Gudroe,Lehigh Furn Divsn Lehigh,6651 Municipal Rd,Houma,Terrebonne,LA,70360,985-890-7262,985-261-5783,larae_gudroe@gmail.com,http://www.lehighfurndivsnlehigh.com
Joanna,Leinenbach,Levinson Axelrod Wheaton,1 Washington St,Lake Worth,Palm Beach,FL,33461,561-470-4574,561-951-9734,joanna_leinenbach@hotmail.com,http://www.levinsonaxelrodwheaton.com
Earleen,Mai,Little Sheet Metal Co,75684 S Withlapopka Dr #32,Dallas,Dallas,TX,75227,214-289-1973,214-785-6750,earleen_mai@cox.net,http://www.littlesheetmetalco.com
Corinne,Loder,Local Office,4 Carroll St,North Attleboro,Bristol,MA,2760,508-942-4186,508-618-7826,corinne@loder.org,http://www.localoffice.com
Malinda,Hochard,Logan Memorial Hospital,55 Riverside Ave,Indianapolis,Marion,IN,46202,317-722-5066,317-472-2412,malinda.hochard@yahoo.com,http://www.loganmemorialhospital.com
Sabra,Uyetake,Lowy Limousine Service,98839 Hawthorne Blvd #6101,Columbia,Richland,SC,29201,803-925-5213,803-681-3678,sabra@uyetake.org,http://www.lowylimousineservice.com
Sharika,Eanes,Maccani & Delp,75698 N Fiesta Blvd,Orlando,Orange,FL,32806,407-312-1691,407-472-1332,sharika.eanes@aol.com,http://www.maccanidelp.com
Willodean,Konopacki,Magnuson,55 Hawthorne Blvd,Lafayette,Lafayette,LA,70506,337-253-8384,337-774-7564,willodean_konopacki@konopacki.org,http://www.magnuson.com
Viva,Toelkes,Mark Press Law,4284 Dorigo Ln,Chicago,Cook,IL,60647,773-446-5569,773-352-3437,viva.toelkes@gmail.com,http://www.markivpressltd.com
Estrella,Samu,Marking Devices Pubg Co,64 Lakeview Ave,Beloit,Rock,WI,53511,608-976-7199,608-942-8836,estrella@aol.com,http://www.markingdevicespubgco.com
Layla,Springe,Chadds Ford and Partners,229 N Forty Driv,New York,New York,NY,10011,212-260-3151,212-253-7448,layla.springe@cox.net,http://www.chaddsfordwinery.com
Carmen,Sweigard,Maui Research & Technology Pk,61304 N French Rd,Somerset,Somerset,NJ,8873,732-941-2621,732-445-6940,csweigard@sweigard.com,http://www.mauiresearchtechnologypk.com
Peggie,Sturiale,Henry County Middle School,9 N 14th St,El Cajon,San Diego,CA,92020,619-608-1763,619-695-8086,peggie@cox.net,http://www.henrycountymiddleschool.com
Roselle,Estell,Mcglynn Bliss Pc,8116 Mount Vernon Ave,Bucyrus,Crawford,OH,44820,419-571-5920,419-488-6648,roselle.estell@hotmail.com,http://www.mcglynnblisspc.com
Glory,Schieler,Mcgraths Seafood,5 E Truman Rd,Abilene,Taylor,TX,79602,325-869-2649,325-740-3778,glory@yahoo.com,http://www.mcgrathsseafood.com
Claribel,Varriano,Meca,6 Harry L Dr #6327,Perrysburg,Wood,OH,43551,419-544-4900,419-573-2033,claribel_varriano@cox.net,http://www.meca.com
Gearldine,Gellinger,Megibow & Edwards,4 Bloomfield Ave,Irving,Dallas,TX,75061,972-934-6914,972-821-7118,gearldine_gellinger@gellinger.com,http://www.megibowedwards.com
Fausto,Agramonte,Law Office of James Stanton Esq,5 Harrison Rd,New York,New York,NY,10038,212-313-1783,212-778-3063,fausto_agramonte@yahoo.com,http://www.marriotthotelsresortssuites.com
Rickie,Plumer,Merrill Lynch,3 N Groesbeck Hwy,Toledo,Lucas,OH,43613,419-693-1334,419-313-5571,rickie.plumer@aol.com,http://www.merrilllynch.com
Glen,Bartolet,Metlab Testing Services,8739 Hudson St,Vashon,King,WA,98070,206-697-5796,206-389-1482,glen_bartolet@hotmail.com,http://www.metlabtestingservices.com
Kimberlie,Duenas,Mid Contntl Rlty & Prop Mgmt,8100 Jacksonville Rd #7,Hays,Ellis,KS,67601,785-629-8542,785-616-1685,kimberlie_duenas@yahoo.com,http://www.midcontntlrltypropmgmt.com
Deonna,Kippley,Midas Muffler Shops,57 Haven Ave #90,Southfield,Oakland,MI,48075,248-913-4677,248-793-4966,deonna_kippley@hotmail.com,http://www.midasmufflershops.com
Sylvie,Ryser,Millers Market & Deli,649 Tulane Ave,Tulsa,Tulsa,OK,74105,918-644-9555,918-565-1706,sylvie@aol.com,http://www.millersmarketdeli.com
Melissa,Wiklund,Moapa Valley Federal Credit Un,61 13 Stoneridge #835,Findlay,Hancock,OH,45840,419-939-3613,419-254-4591,melissa@cox.net,http://www.moapavalleyfederalcreditun.com
Lili,Paskin,Morgan Custom Homes,20113 4th Ave E,Kearny,Hudson,NJ,7032,201-431-2989,201-478-8540,lili.paskin@cox.net,http://www.morgancustomhomes.com
Mitsue,Tollner,Morlong Associates,7 Eads St,Chicago,Cook,IL,60632,773-573-6914,773-924-8565,mitsue_tollner@yahoo.com,http://www.morlongassociates.com
Elza,Lipke,Museum Of Science & Industry,6794 Lake Dr E,Newark,Essex,NJ,7104,973-927-3447,973-796-3667,elza@yahoo.com,http://www.museumofscienceindustry.com
Samira,Heintzman,Mutual Fish Co,8772 Old County Rd #5410,Kent,King,WA,98032,206-311-4137,206-923-6042,sheintzman@hotmail.com,http://www.mutualfishco.com
Iluminada,Ohms,Nazette Marner Good Wendt,72 Southern Blvd,Mesa,Maricopa,AZ,85204,480-293-2882,480-866-6544,iluminada.ohms@yahoo.com,http://www.nazettemarnergoodwendt.com
Cristy,Lother,Kleensteel,3989 Portage Tr,Escondido,San Diego,CA,92025,760-971-4322,760-465-4762,cristy@lother.com,http://www.kleensteel.com
Rolande,Spickerman,Neland Travel Agency,65 W Maple Ave,Pearl City,Honolulu,HI,96782,808-315-3077,808-526-5863,rolande.spickerman@spickerman.com,http://www.nelandtravelagency.com
Jess,Chaffins,New York Legal Solutions,18 3rd Ave,New York,New York,NY,10016,212-510-4633,212-428-9538,jess.chaffins@chaffins.org,http://www.newyorkpubliclibrary.com
Karan,Karpin,New England Taxidermy,3 Elmwood Dr,Beaverton,Washington,OR,97005,503-940-8327,503-707-5812,karan_karpin@gmail.com,http://www.newenglandtaxidermy.com
Cheryl,Haroldson,New York Life John Thune,92 Main St,Atlantic City,Atlantic,NJ,8401,609-518-7697,609-263-9243,cheryl@haroldson.org,http://www.newyorklifejohnthune.com
Brock,Bolognia,Orinda and Roberts,4486 W O St #1,New York,New York,NY,10003,212-402-9216,212-617-5063,bbolognia@yahoo.com,http://www.orindanews.com
Leatha,Hagele,Ninas Indian Grs & Videos,627 Walford Ave,Dallas,Dallas,TX,75227,214-339-1809,214-225-5850,lhagele@cox.net,http://www.ninasindiangrsvideos.com
Derick,Dhamer,Derrick Law,87163 N Main Ave,New York,New York,NY,10013,212-304-4515,212-225-9676,ddhamer@cox.net,http://www.studereugeneaesq.com
Loren,Asar,Olsen Payne & Company,6 Ridgewood Center Dr,Old Forge,Lackawanna,PA,18518,570-648-3035,570-569-2356,loren.asar@aol.com,http://www.olsenpaynecompany.com
Franklyn,Emard,Olympic Graphic Arts,4379 Highway 116,Philadelphia,Philadelphia,PA,19103,215-558-8189,215-483-3003,femard@emard.com,http://www.olympicgraphicarts.com
Twana,Felger,Opryland Hotel,1 Commerce Way,Portland,Washington,OR,97224,503-939-3153,503-909-7167,twana.felger@felger.org,http://www.oprylandhotel.com
Jose,Stockham,Empire City Attorneys,128 Bransten Rd,New York,New York,NY,10011,212-675-8570,212-569-4233,jose@yahoo.com,http://www.tristaterefuelerco.com
Stephaine,Vinning,Birite Law Office,3717 Hamann Industrial Pky,San Francisco,San Francisco,CA,94104,415-767-6596,415-712-9530,stephaine@cox.net,http://www.biritefoodservicedistr.com
Daren,Weirather,Panasystems,9 N College Ave #3,Milwaukee,Milwaukee,WI,53216,414-959-2540,414-838-3151,dweirather@aol.com,http://www.panasystems.com
Norah,Waymire,Jeff Carmichael and Associates,6 Middlegate Rd #106,San Francisco,San Francisco,CA,94107,415-306-7897,415-874-2984,norah.waymire@gmail.com,http://www.carmichaeljefferylesq.com
Trinidad,Mcrae,Water Law Office,10276 Brooks St,San Francisco,San Francisco,CA,94105,415-331-9634,415-419-1597,trinidad_mcrae@yahoo.com,http://www.wateroffice.com
Portia,Stimmel,Peace Christian Center,3732 Sherman Ave,Bridgewater,Somerset,NJ,8807,908-722-7128,908-670-4712,portia.stimmel@aol.com,http://www.peacechristiancenter.com
Judy,Aquas,Plantation Restaurant,8977 Connecticut Ave Nw #3,Niles,Berrien,MI,49120,269-756-7222,269-431-9464,jaquas@aquas.com,http://www.plantationrestaurant.com
Stephane,Myricks,Portland Central Thriftlodge,9 Tower Ave,Burlington,Boone,KY,41005,859-717-7638,859-308-4286,stephane_myricks@cox.net,http://www.portlandcentralthriftlodge.com
Alease,Buemi,Porto Cayo At Hawks Cay,4 Webbs Chapel Rd,Boulder,Boulder,CO,80303,303-301-4946,303-521-9860,alease@buemi.com,http://www.portocayoathawkscay.com
Fletcher,Flosi,Law Hawks,394 Manchester Blvd,Rockford,Winnebago,IL,61109,815-828-2147,815-426-5657,fletcher.flosi@yahoo.com,http://www.postboxservicesplus.com
Willow,Kusko,Johnson Wollensky Law,90991 Thorburn Ave,New York,New York,NY,10011,212-582-4976,212-934-5167,wkusko@yahoo.com,http://www.upullit.com
Geoffrey,Acey,Price Business Services,7 West Ave #1,Palatine,Cook,IL,60067,847-222-1734,847-556-2909,geoffrey@gmail.com,http://www.pricebusinessservices.com
Nichelle,Meteer,Advantage Legal Solutions,72 Beechwood Ter,Chicago,Cook,IL,60657,773-225-9985,773-857-2231,nichelle_meteer@meteer.com,http://www.printdoctor.com
Donette,Foller,Printing Dimensions,34 Center St,Hamilton,Butler,OH,45011,513-570-1893,513-549-4561,donette.foller@cox.net,http://www.printingdimensions.com
Vallie,Mondella,Private Properties,74 W College St,Boise,Ada,ID,83707,208-862-5339,208-737-8439,vmondella@mondella.com,http://www.privateproperties.com
Lauran,Burnard,Professionals Unlimited,66697 Park Pl #3224,Riverton,Fremont,WY,82501,307-342-7795,307-453-7589,lburnard@burnard.com,http://www.professionalsunlimited.com
Beatriz,Corrington,Prohab Rehabilitation Servs,481 W Lemon St,Middleboro,Plymouth,MA,2346,508-584-4279,508-315-3867,beatriz@yahoo.com,http://www.prohabrehabilitationservs.com
Teri,Ennaco,Publishers Group West,99 Tank Farm Rd,Hazleton,Luzerne,PA,18201,570-889-5187,570-355-1665,tennaco@gmail.com,http://www.publishersgroupwest.com
Laurel,Reitler,Q A Service,6 Kains Ave,Baltimore,Baltimore City,MD,21215,410-520-4832,410-957-6903,laurel_reitler@reitler.com,http://www.qaservice.com
Yvonne,Tjepkema,Radio Communications Co,9 Waydell St,Fairfield,Essex,NJ,7004,973-714-1721,973-976-8627,yvonne.tjepkema@hotmail.com,http://www.radiocommunicationsco.com
Roxane,Campain,Rapid Trading Intl,1048 Main St,Fairbanks,Fairbanks North Star,AK,99708,907-231-4722,907-335-6568,roxane@hotmail.com,http://www.rapidtradingintl.com
Eun,Coody,Ray Carolyne Realty,84 Bloomfield Ave,Spartanburg,Spartanburg,SC,29301,864-256-3620,864-594-4578,eun@yahoo.com,http://www.raycarolynerealty.com
Latrice,Tolfree,United Van Lines Agent,81 Norris Ave #525,Ronkonkoma,Suffolk,NY,11779,631-957-7624,631-998-2102,latrice.tolfree@hotmail.com,http://www.unitedvanlinesagent.com
Ahmed,Angalich,Reese Plastics,2 W Beverly Blvd,Harrisburg,Dauphin,PA,17110,717-528-8996,717-632-5831,ahmed.angalich@angalich.com,http://www.reeseplastics.com
Hillary,Skulski,Replica I,9 Wales Rd Ne #914,Homosassa,Citrus,FL,34448,352-242-2570,352-990-5946,hillary.skulski@aol.com,http://www.replicai.com
Skye,Fillingim,Fillingim Injury Law,25 Minters Chapel Rd #9,Minneapolis,Hennepin,MN,55401,612-508-2655,612-664-6304,skye_fillingim@yahoo.com,http://www.rodewayinn.com
Alyce,Arias,Fairbanks Scales,3196 S Rider Trl,Stockton,San Joaquin,CA,95207,209-317-1801,209-242-7022,alyce@arias.org,http://www.fairbanksscales.com
Shonda,Greenbush,Saint George Well Drilling,82 Us Highway 46,Clifton,Passaic,NJ,7011,973-482-2430,973-644-2974,shonda_greenbush@cox.net,http://www.saintgeorgewelldrilling.com
Timothy,Mulqueen,Saronix Nymph Products,44 W 4th St,Staten Island,Richmond,NY,10309,718-332-6527,718-654-7063,timothy_mulqueen@mulqueen.org,http://www.saronixnymphproducts.com
Edna,Miceli,Sampler,555 Main St,Erie,Erie,PA,16502,814-460-2655,814-299-2877,emiceli@miceli.org,http://www.sampler.com
Yoko,Fishburne,Sams Corner Store,9122 Carpenter Ave,New Haven,New Haven,CT,6511,203-506-4706,203-840-8634,yoko@fishburne.com,http://www.samscornerstore.com
Josphine,Villanueva,Santa Cruz Community Internet,63 Smith Ln #8343,Moss,Clay,TN,38575,931-553-9774,931-486-6946,josphine_villanueva@villanueva.com,http://www.santacruzcommunityinternet.com
Clay,Hoa,Scat Enterprises,73 Saint Ann St #86,Reno,Washoe,NV,89502,775-501-8109,775-848-9135,choa@hoa.org,http://www.scatenterprises.com
Valentin,Klimek,Schmid Law,137 Pioneer Way,Chicago,Cook,IL,60604,312-303-5453,312-512-2338,vklimek@klimek.org,http://www.schmidgayannekesq.com
Jerry,Dallen,Seashore Supply Co Waretown,393 Lafayette Ave,Richmond,Richmond City,VA,23219,804-762-9576,804-808-9574,jerry.dallen@yahoo.com,http://www.seashoresupplycowaretown.com
Cherry,Lietz,Sebring & Co,40 9th Ave Sw #91,Waterford,Oakland,MI,48329,248-980-6904,248-697-7722,cherry@lietz.com,http://www.sebringco.com
Irma,Wolfgramm,Serendiquity Bed & Breakfast,9745 W Main St,Randolph,Morris,NJ,7869,973-545-7355,973-868-8660,irma.wolfgramm@hotmail.com,http://www.serendiquitybedbreakfast.com
Mona,Delasancha,Sign All,38773 Gravois Ave,Cheyenne,Laramie,WY,82001,307-403-1488,307-816-7115,mdelasancha@hotmail.com,http://www.signall.com
Dalene,Riden,Silverman Planetarium,66552 Malone Rd,Plaistow,Rockingham,NH,3865,603-315-6839,603-745-7497,dalene.riden@aol.com,http://www.silvermanplanetarium.com
Flo,Bookamer,Simonton Howe & Schneider Pc,89992 E 15th St,Alliance,Box Butte,NE,69301,308-726-2182,308-250-6987,flo.bookamer@cox.net,http://www.simontonhoweschneiderpc.com
Ceola,Setter,Southern Steel Shelving Co,96263 Greenwood Pl,Warren,Knox,ME,4864,207-627-7565,207-297-5029,ceola.setter@setter.org,http://www.southernsteelshelvingco.com
Denise,Patak,Spence Law Offices,2139 Santa Rosa Ave,Orlando,Orange,FL,32801,407-446-4358,407-808-3254,denise@patak.org,http://www.spencelawoffices.com
Quentin,Birkner,Spoor Behrins Campbell & Young,7061 N 2nd St,Burnsville,Dakota,MN,55337,952-702-7993,952-314-5871,qbirkner@aol.com,http://www.spoorbehrinscampbellyoung.com
Bette,Nicka,Sport En Art,6 S 33rd St,Aston,Delaware,PA,19014,610-545-3615,610-492-4643,bette_nicka@cox.net,http://www.sportenart.com
Herman,Demesa,Merlin Electric Co,9 Norristown Rd,Troy,Rensselaer,NY,12180,518-497-2940,518-931-7852,hdemesa@cox.net,http://www.merlinelectricco.com
Mozell,Pelkowski,Winship & Byrne,577 Parade St,South San Francisco,San Mateo,CA,94080,650-947-1215,650-960-1069,mpelkowski@pelkowski.org,http://www.winshipbyrne.com
Fatima,Saylors,Law Office of James Stanton Esq,2 Lighthouse Ave,Hopkins,Hennepin,MN,55343,952-768-2416,952-479-2375,fsaylors@saylors.org,http://www.stantonjamesdesq.com
Aja,Gehrett,Stero Company,993 Washington Ave,Nutley,Essex,NJ,7110,973-544-2677,973-986-4456,aja_gehrett@hotmail.com,http://www.sterocompany.com
Terrilyn,Rodeigues,Stuart J Agins,3718 S Main St,New Orleans,Orleans,LA,70130,504-463-4384,504-635-8518,terrilyn.rodeigues@cox.net,http://www.stuartjagins.com
Aliza,Baltimore,Andrews & Roberts,1128 Delaware St,San Jose,Santa Clara,CA,95132,408-504-3552,408-425-1994,aliza@aol.com,http://www.andrewsjrobertesq.com
Elli,Mclaird,Sportmaster Intrnatl,6 Sunrise Ave,Utica,Oneida,NY,13501,315-818-2638,315-474-5570,emclaird@mclaird.com,http://www.sportmasterintrnatl.com
Pamella,Fortino,Super 8 Motel,669 Packerland Dr #1438,Denver,Denver,CO,80212,303-404-2210,303-794-1341,pamella@fortino.com,http://www.supermotel.com
Gladys,Rim,T M Byxbee Company Pc,322 New Horizon Blvd,Milwaukee,Milwaukee,WI,53207,414-661-9598,414-377-2880,gladys.rim@rim.org,http://www.tmbyxbeecompanypc.com
Rikki,Nayar,Targan & Kievit Pa,1644 Clove Rd,Miami,Miami-Dade,FL,33155,305-968-9487,305-978-2069,rikki@nayar.com,http://www.targankievitpa.com
Dottie,Hellickson,Thompson Fabricating Co,67 E Chestnut Hill Rd,Seattle,King,WA,98133,206-540-6076,206-295-5631,dottie@hellickson.org,http://www.thompsonfabricatingco.com
Johnna,Engelberg,Thrifty Oil Co,5 S Colorado Blvd #449,Bothell,Snohomish,WA,98021,425-986-7573,425-700-3751,jengelberg@engelberg.org,http://www.thriftyoilco.com
Glenna,Slayton,Toledo Iv Care,2759 Livingston Ave,Memphis,Shelby,TN,38118,901-640-9178,901-869-4314,glenna_slayton@cox.net,http://www.toledoivcare.com
Sage,Wieser,Truhlar And Truhlar Attys,5 Boston Ave #88,Sioux Falls,Minnehaha,SD,57105,605-414-2147,605-794-4895,sage_wieser@cox.net,http://www.truhlarandtruhlarattys.com
Noah,Kalafatis,Twiggs Abrams Blanchard,1950 5th Ave,Milwaukee,Milwaukee,WI,53209,414-263-5287,414-660-9766,noah.kalafatis@aol.com,http://www.twiggsabramsblanchard.com
Quentin,Swayze,Ulbrich Trucking,278 Bayview Ave,Milan,Monroe,MI,48160,734-561-6170,734-851-8571,quentin_swayze@yahoo.com,http://www.ulbrichtrucking.com
Lynelle,Auber,United Cerebral Palsy Of Ne Pa,32820 Corkwood Rd,Newark,Essex,NJ,7104,973-860-8610,973-605-6492,lynelle_auber@gmail.com,http://www.unitedcerebralpalsyofnepa.com
Tonette,Wenner,Northwest Publishing,4545 Courthouse Rd,Westbury,Nassau,NY,11590,516-968-6051,516-333-4861,twenner@aol.com,http://www.northwestpublishing.com
Linn,Paa,Valerie & Company,1 S Pine St,Memphis,Shelby,TN,38112,901-412-4381,901-573-9024,linn_paa@paa.com,http://www.valeriecompany.com
Malcolm,Tromblay,Versatile Sash & Woodwork,747 Leonis Blvd,Annandale,Fairfax,VA,22003,703-221-5602,703-874-4248,malcolm_tromblay@cox.net,http://www.versatilesashwoodwork.com
Annelle,Tagala,Vico Products Mfg Co,5 W 7th St,Parkville,Baltimore,MD,21234,410-757-1035,410-234-2267,annelle@yahoo.com,http://www.vicoproductsmfgco.com
Vi,Rentfro,Video Workshop,7163 W Clark Rd,Freehold,Monmouth,NJ,7728,732-605-4781,732-724-7251,vrentfro@cox.net,http://www.videoworkshop.com
Jani,Biddy,Warehouse Office & Paper Prod,61556 W 20th Ave,Seattle,King,WA,98104,206-711-6498,206-395-6284,jbiddy@yahoo.com,http://www.warehouseofficepaperprod.com
Ryan,Harnos,Warner Electric Brk & Cltch Co,13 Gunnison St,Plano,Collin,TX,75075,972-558-1665,972-961-4968,ryan@cox.net,http://www.warnerelectricbrkcltchco.com
Daniela,Comnick,Water & Sewer Department,7 Flowers Rd #403,Trenton,Mercer,NJ,8611,609-200-8577,609-398-2805,dcomnick@cox.net,http://www.watersewerdepartment.com
Becky,Mirafuentes,Wells Kravitz Schnitzer,30553 Washington Rd,Plainfield,Union,NJ,7062,908-877-8409,908-426-8272,becky.mirafuentes@mirafuentes.com,http://www.wellskravitzschnitzer.com
Britt,Galam,Wheatley Trucking Company,2500 Pringle Rd Se #508,Hatfield,Montgomery,PA,19440,215-888-3304,215-351-8523,britt@galam.org,http://www.wheatleytruckingcompany.com
Glendora,Sarbacher,Defur Voran Hanley Radcliff,2140 Diamond Blvd,Rohnert Park,Sonoma,CA,94928,707-653-8214,707-881-3154,gsarbacher@gmail.com,http://www.defurvoranhanleyradcliff.com
Paz,Sahagun,White Sign Div Ctrl Equip Co,919 Wall Blvd,Meridian,Lauderdale,MS,39307,601-927-8287,601-249-4511,paz_sahagun@cox.net,http://www.whitesigndivctrlequipco.com
Tiffiny,Steffensmeier,Whitehall Robbins Labs Divsn,32860 Sierra Rd,Miami,Miami-Dade,FL,33133,305-385-9695,305-304-6573,tiffiny_steffensmeier@cox.net,http://www.whitehallrobbinslabsdivsn.com
Charlene,Hamilton,Oshins & Gibbons,985 E 6th Ave,Santa Rosa,Sonoma,CA,95407,707-300-1771,707-821-8037,charlene.hamilton@hotmail.com,http://www.oshinsgibbons.com
Rozella,Ostrosky,Parkway Company,17 Morena Blvd,Camarillo,Ventura,CA,93012,805-832-6163,805-609-1531,rozella.ostrosky@ostrosky.com,http://www.parkwaycompany.com
Renea,Monterrubio,Wmmt Radio Station,26 Montgomery St,Atlanta,Fulton,GA,30328,770-679-4752,770-930-9967,renea@hotmail.com,http://www.wmmtradiostation.com
Daron,Dinos,Wolf Law Offices,18 Waterloo Geneva Rd,Highland Park,Lake,IL,60035,847-233-3075,847-265-6609,daron_dinos@cox.net,http://www.wolfwarrenresq.com
Pete,Dubaldi,Womack & Galich,2215 Prosperity Dr,Lyndhurst,Bergen,NJ,7071,201-825-2514,201-749-8866,pdubaldi@hotmail.com,http://www.womackgalich.com
Delisa,Crupi,Wood & Whitacre Contractors,47565 W Grand Ave,Newark,Essex,NJ,7105,973-354-2040,973-847-9611,delisa.crupi@crupi.com,http://www.woodwhitacrecontractors.com
Alaine,Bergesen,Hispanic Lawyers,7667 S Hulen St #42,Yonkers,Westchester,NY,10701,914-300-9193,914-654-1426,alaine_bergesen@cox.net,http://www.hispanicmagazine.com
Alisha,Slusarski,Wtlz Power 107 Fm,3273 State St,Middlesex,Middlesex,NJ,8846,732-658-3154,732-635-3453,alisha@slusarski.com,http://www.wtlzpowerfm.com